{
  "timestamp": "2026-02-05T17:08:40.128579",
  "total_sequences": 198,
  "completed_sequences": 198,
  "by_category_input_based": {
    "short": 198
  },
  "by_subject": {
    "Physics": 86,
    "Chemistry": 93,
    "Biology": 19
  },
  "input_token_stats": {
    "min": 84.0,
    "max": 2811.0,
    "mean": 258.5,
    "std": 214.44077494636124,
    "p50": 223.0,
    "p90": 380.50000000000006,
    "p99": 804.1200000000001
  },
  "estimated_output_stats": {
    "min": 128.0,
    "max": 128.0,
    "mean": 128.0,
    "std": 0.0,
    "p50": 128.0,
    "p90": 128.0,
    "p99": 128.0
  },
  "thresholds_input": {
    "short": 5000,
    "medium": 10000,
    "long": 15000
  },
  "thresholds_total": {
    "short": 5384,
    "medium": 12168,
    "long": 15152
  },
  "by_category_total_based": {
    "short": 198
  },
  "actual_output_stats": {
    "min": 0.0,
    "max": 0.0,
    "mean": 0.0,
    "std": 0.0,
    "p50": 0.0,
    "p90": 0.0,
    "p99": 0.0
  },
  "actual_total_stats": {
    "min": 84.0,
    "max": 2811.0,
    "mean": 258.5,
    "std": 214.44077494636124,
    "p50": 223.0,
    "p90": 380.50000000000006,
    "p99": 804.1200000000001
  }
}