{
  "timestamp": "2026-02-06T09:51:59.259436",
  "total_sequences": 15,
  "completed_sequences": 15,
  "by_category_input_based": {
    "short": 15
  },
  "by_subject": {
    "Other": 15
  },
  "input_token_stats": {
    "min": 53.0,
    "max": 263.0,
    "mean": 130.8,
    "std": 52.11423350039155,
    "p50": 123.0,
    "p90": 198.2,
    "p99": 257.12
  },
  "estimated_output_stats": {
    "min": 128.0,
    "max": 128.0,
    "mean": 128.0,
    "std": 0.0,
    "p50": 128.0,
    "p90": 128.0,
    "p99": 128.0
  },
  "thresholds_input": {
    "short": 5000,
    "medium": 10000,
    "long": 15000
  },
  "thresholds_total": {
    "short": 6000,
    "medium": 12000,
    "long": 18000
  },
  "by_category_total_based": {
    "short": 15
  },
  "actual_output_stats": {
    "min": 0.0,
    "max": 0.0,
    "mean": 0.0,
    "std": 0.0,
    "p50": 0.0,
    "p90": 0.0,
    "p99": 0.0
  },
  "actual_total_stats": {
    "min": 53.0,
    "max": 263.0,
    "mean": 130.8,
    "std": 52.11423350039155,
    "p50": 123.0,
    "p90": 198.2,
    "p99": 257.12
  }
}